{
  "project_info": {
    "project_number": "611189451284",
    "firebase_url": "https://name-generator-6a1e8.firebaseio.com",
    "project_id": "name-generator-6a1e8",
    "storage_bucket": "name-generator-6a1e8.appspot.com"
  },
  "client": [
    {
      "client_info": {
        "mobilesdk_app_id": "1:611189451284:android:c4139a7682dce8bebd1501",
        "android_client_info": {
          "package_name": "com.tyagi.name_generator"
        }
      },
      "oauth_client": [
        {
          "client_id": "611189451284-is5blqgmjvhjvf4o7dcsb6ku50plnaev.apps.googleusercontent.com",
          "client_type": 3
        }
      ],
      "api_key": [
        {
          "current_key": "AIzaSyCTpAcJRjELxcsRYWWuMsSS-zgCo1OEFAI"
        }
      ],
      "services": {
        "appinvite_service": {
          "other_platform_oauth_client": [
            {
              "client_id": "611189451284-is5blqgmjvhjvf4o7dcsb6ku50plnaev.apps.googleusercontent.com",
              "client_type": 3
            }
          ]
        }
      }
    }
  ],
  "configuration_version": "1"
}